{"cameraMode":{"drawMode":0,"name":"Shaded","section":"Shading Mode"},"sceneLighting":false,"audioPlay":false,"sceneViewState":{"showFog":true,"showMaterialUpdate":false,"showSkybox":false,"showFlares":true,"showImageEffects":true,"showParticleSystems":true,"showVisualEffectGraphs":true,"m_FxEnabled":true},"in2DMode":false,"pivot":{"x":-1.5000004768371583,"y":0.0000014463439583778382,"z":1.5000009536743165},"rotation":{"x":-0.28830835223197939,"y":0.26491573452949526,"z":-0.08334996551275253,"w":-0.916391134262085},"size":2.1213462352752687,"orthographic":false}