{"cameraMode":{"drawMode":0,"name":"Shaded","section":"Shading Mode"},"sceneLighting":true,"audioPlay":false,"sceneViewState":{"showFog":true,"showMaterialUpdate":false,"showSkybox":true,"showFlares":true,"showImageEffects":true,"showParticleSystems":true,"showVisualEffectGraphs":true,"m_FxEnabled":true},"in2DMode":false,"pivot":{"x":-3.9992494583129885,"y":-0.23726582527160645,"z":-0.5446745157241821},"rotation":{"x":0.09858699142932892,"y":-0.6861832737922669,"z":0.09426037967205048,"w":0.7146844267845154},"size":5.363986492156982,"orthographic":false}