{"cameraMode":{"drawMode":0,"name":"Shaded","section":"Shading Mode"},"sceneLighting":false,"audioPlay":false,"sceneViewState":{"showFog":true,"showMaterialUpdate":false,"showSkybox":false,"showFlares":true,"showImageEffects":true,"showParticleSystems":true,"showVisualEffectGraphs":true,"m_FxEnabled":true},"in2DMode":false,"pivot":{"x":-10.138277053833008,"y":5.6536664962768559,"z":3.4329962730407717},"rotation":{"x":0.10273426026105881,"y":0.29213976860046389,"z":0.03160975128412247,"w":-0.9503708481788635},"size":3.3564305305480959,"orthographic":false}